row_id,order_id,order_date,ship_date,ship_mode,customer_id,customer_name,segment,country,city,product_id,product_name,quantity,sales_amount,ingestion_timestamp,load_date,source_file_name
32,ORD1843,31-12-2099,05-04-2025,Second Class,CUST1442,Robert Smith,Corporate,USA,Bangalore,P1005,Headphones,8,1780.81,2026-10-07T13:53:20.977+05:30,2026-10-07,data.csv
182,ORD1229,31-12-2099,14-03-2023,Second Class,CUST1673,Emily Taylor,Corporate,India,Bangalore,P1004,Monitor,10,2469.7,2026-10-07T13:53:20.977+05:30,2026-10-07,data.csv
275,ORD2345,31-12-2099,09-09-2023,Second Class,CUST3358,Daniel Sharma,Corporate,USA,Delhi,P1001,Laptop,4,2982.97,2026-10-07T13:53:20.977+05:30,2026-10-07,data.csv
281,ORD1003,31-12-2099,29-12-2024,Standard Class,CUST1745,Rahul Patel,Home Office,USA,Pune,P1007,Router,8,746.18,2026-10-07T13:53:20.977+05:30,2026-10-07,data.csv
376,ORD1443,31-12-2099,14-04-2024,Same Day,CUST1698,Sarah Sharma,Home Office,USA,Delhi,P1008,SSD,10,3315.26,2026-10-07T13:53:20.977+05:30,2026-10-07,data.csv
593,ORD2004,31-12-2099,15-11-2024,Same Day,CUST3302,Daniel Brown,Home Office,India,Toronto,P1008,SSD,5,2498.72,2026-10-07T13:53:20.977+05:30,2026-10-07,data.csv
638,ORD1978,31-12-2099,07-11-2023,First Class,CUST2018,Amit Sharma,Corporate,Germany,Mumbai,P1003,Mouse,9,428.84,2026-10-07T13:53:20.977+05:30,2026-10-07,data.csv
667,ORD2303,31-12-2099,17-03-2024,Same Day,CUST1667,Michael Taylor,Consumer,Canada,Berlin,P1008,SSD,3,4841.76,2026-10-07T13:53:20.977+05:30,2026-10-07,data.csv
839,ORD2401,31-12-2099,31-01-2024,Second Class,CUST1451,Sarah Johnson,Corporate,UK,Pune,P1008,SSD,10,1701.94,2026-10-07T13:53:20.977+05:30,2026-10-07,data.csv
869,ORD1046,31-12-2099,22-02-2025,First Class,CUST1721,Jane Brown,Consumer,UK,Toronto,P1005,Headphones,2,1526.77,2026-10-07T13:53:20.977+05:30,2026-10-07,data.csv
891,ORD1283,31-12-2099,16-08-2023,First Class,CUST2120,Priya Davis,Consumer,UK,New York,P1003,Mouse,8,3738.71,2026-10-07T13:53:20.977+05:30,2026-10-07,data.csv
905,ORD1245,31-12-2099,16-05-2023,Same Day,CUST2830,Sneha Johnson,Home Office,Germany,Bangalore,P1003,Mouse,10,2415.74,2026-10-07T13:53:20.977+05:30,2026-10-07,data.csv
983,ORD2179,31-12-2099,25-05-2024,Same Day,CUST1063,Michael Johnson,Corporate,UK,Berlin,P1003,Mouse,2,675.67,2026-10-07T13:53:20.977+05:30,2026-10-07,data.csv
1092,ORD2225,31-12-2099,18-05-2024,Same Day,CUST1456,Anjali Gupta,Home Office,USA,Berlin,P1001,Laptop,1,1296.15,2026-10-07T13:53:20.977+05:30,2026-10-07,data.csv
1191,ORD1486,31-12-2099,08-12-2024,First Class,CUST2863,Priya Brown,Corporate,Germany,London,,Headphones,4,764.82,2026-10-07T13:53:20.977+05:30,2026-10-07,data.csv
1309,ORD2325,31-12-2099,22-06-2024,First Class,CUST3144,Olivia Sharma,Consumer,UnknownCountry,Berlin,P1007,Router,3,4033.95,2026-10-07T13:53:20.977+05:30,2026-10-07,data.csv
1329,ORD1596,31-12-2099,19-05-2025,Standard Class,CUST1165,Michael Wilson,Corporate,India,Mumbai,P1006,Printer,10,457.61,2026-10-07T13:53:20.977+05:30,2026-10-07,data.csv
1344,ORD1097,31-12-2099,24-03-2023,Standard Class,CUST3055,Daniel Wilson,Home Office,India,Berlin,P1007,Router,10,1106.4,2026-10-07T13:53:20.977+05:30,2026-10-07,data.csv
1521,ORD2149,31-12-2099,12-01-2023,Second Class,CUST3486,Robert Brown,Corporate,UK,Toronto,P1004,Monitor,7,2212.2,2026-10-07T13:53:20.977+05:30,2026-10-07,data.csv
1663,ORD1342,31-12-2099,28-05-2023,First Class,CUST3248,Priya Johnson,Home Office,UK,London,P1002,Keyboard,3,1085.12,2026-10-07T13:53:20.977+05:30,2026-10-07,data.csv
1684,ORD2475,31-12-2099,04-10-2023,First Class,CUST2351,Robert Wilson,Consumer,Germany,Pune,P1002,Keyboard,10,3618.44,2026-10-07T13:53:20.977+05:30,2026-10-07,data.csv
1797,ORD1327,31-12-2099,26-06-2024,Standard Class,CUST1746,Anjali Davis,Home Office,India,Bangalore,P1002,Keyboard,9,2538.75,2026-10-07T13:53:20.977+05:30,2026-10-07,data.csv
1839,ORD1019,31-12-2099,05-06-2024,First Class,CUST2868,David Smith,Home Office,USA,Berlin,P1005,Headphones,9,4883.29,2026-10-07T13:53:20.977+05:30,2026-10-07,data.csv
1930,ORD1290,31-12-2099,20-12-2024,Standard Class,CUST2837,Chris Davis,Consumer,India,Delhi,P1007,Router,9,4516.81,2026-10-07T13:53:20.977+05:30,2026-10-07,data.csv
2082,ORD2069,31-12-2099,14-02-2025,Same Day,CUST3106,Chris Wilson,Consumer,Germany,Toronto,P1006,Printer,3,1261.23,2026-10-07T13:53:20.977+05:30,2026-10-07,data.csv
2246,ORD1984,31-12-2099,08-11-2024,Second Class,CUST1004,Chris Miller,Consumer,India,Berlin,P1007,Router,2,774.81,2026-10-07T13:53:20.977+05:30,2026-10-07,data.csv
2358,ORD2401,31-12-2099,20-10-2024,Second Class,CUST2579,Daniel Johnson,Home Office,India,Mumbai,P1001,Laptop,4,1625.61,2026-10-07T13:53:20.977+05:30,2026-10-07,data.csv
2383,ORD1876,31-12-2099,04-07-2023,Same Day,CUST2003,Robert Gupta,Home Office,UK,Mumbai,P1003,Mouse,9,3090.55,2026-10-07T13:53:20.977+05:30,2026-10-07,data.csv
2391,ORD2168,31-12-2099,26-01-2025,Standard Class,CUST2005,Daniel Wilson,Home Office,UK,Toronto,P1002,Keyboard,2,439.39,2026-10-07T13:53:20.977+05:30,2026-10-07,data.csv
2400,ORD1577,31-12-2099,17-04-2023,Second Class,CUST3066,Priya Davis,Corporate,India,Toronto,P1003,Mouse,7,1584.96,2026-10-07T13:53:20.977+05:30,2026-10-07,data.csv
2437,ORD1016,31-12-2099,09-04-2025,First Class,CUST3065,Daniel Brown,Consumer,India,Toronto,P1004,Monitor,4,4193.76,2026-10-07T13:53:20.977+05:30,2026-10-07,data.csv
2559,ORD1233,31-12-2099,02-03-2024,First Class,CUST1362,Amit Patel,Corporate,Germany,Mumbai,P1008,SSD,6,3157.17,2026-10-07T13:53:20.977+05:30,2026-10-07,data.csv
2611,ORD1850,31-12-2099,24-03-2023,Second Class,CUST3301,David Wilson,Home Office,Germany,Pune,P1008,SSD,3,4740.42,2026-10-07T13:53:20.977+05:30,2026-10-07,data.csv
2620,ORD2400,31-12-2099,21-06-2024,Same Day,CUST3220,Robert Taylor,Consumer,India,Pune,P1004,Monitor,5,3926.61,2026-10-07T13:53:20.977+05:30,2026-10-07,data.csv
2941,ORD1670,31-12-2099,09-09-2023,First Class,CUST1346,Amit Brown,Corporate,USA,Bangalore,P1002,Keyboard,9,4358.18,2026-10-07T13:53:20.977+05:30,2026-10-07,data.csv
3061,ORD1728,31-12-2099,31-01-2025,First Class,CUST1124,David Johnson,Corporate,USA,Berlin,P1001,Laptop,3,746.3,2026-10-07T13:53:20.977+05:30,2026-10-07,data.csv
3135,ORD1309,31-12-2099,20-03-2024,Same Day,CUST1967,Sneha Miller,Corporate,Germany,London,P1002,Keyboard,4,2299.84,2026-10-07T13:53:20.977+05:30,2026-10-07,data.csv
3164,ORD2177,31-12-2099,08-01-2024,First Class,CUST1279,Priya Taylor,Consumer,UK,Toronto,P1007,Router,1,3477.88,2026-10-07T13:53:20.977+05:30,2026-10-07,data.csv
3341,ORD2231,31-12-2099,05-11-2023,Second Class,CUST3365,David Johnson,Consumer,UK,Berlin,,Headphones,10,3143.03,2026-10-07T13:53:20.977+05:30,2026-10-07,data.csv
3441,ORD2454,31-12-2099,21-08-2023,Standard Class,CUST1755,Jane Davis,Consumer,India,Toronto,P1007,Router,7,2863.56,2026-10-07T13:53:20.977+05:30,2026-10-07,data.csv
3528,ORD2484,31-12-2099,13-08-2024,Standard Class,CUST1912,Priya Johnson,Corporate,USA,Mumbai,P1005,Headphones,7,3458.02,2026-10-07T13:53:20.977+05:30,2026-10-07,data.csv
3622,ORD1985,31-12-2099,27-09-2023,Invalid Mode,CUST1268,Rahul Miller,Corporate,USA,London,P1006,Printer,1,4888.8,2026-10-07T13:53:20.977+05:30,2026-10-07,data.csv
3701,ORD2456,31-12-2099,24-05-2025,First Class,CUST2388,John Johnson,Corporate,USA,Pune,P1001,Laptop,2,2882.26,2026-10-07T13:53:20.977+05:30,2026-10-07,data.csv
3849,ORD1322,31-12-2099,13-10-2024,Second Class,CUST2558,John Taylor,Consumer,UK,London,P1008,SSD,9,708.25,2026-10-07T13:53:20.977+05:30,2026-10-07,data.csv
3852,ORD2429,31-12-2099,20-07-2024,Second Class,CUST2997,Jane Davis,Corporate,Germany,Berlin,P1007,Router,1,2648.82,2026-10-07T13:53:20.977+05:30,2026-10-07,data.csv
3914,ORD1522,31-12-2099,26-04-2024,Second Class,CUST2408,David Johnson,Corporate,UK,London,P1008,SSD,7,4360.57,2026-10-07T13:53:20.977+05:30,2026-10-07,data.csv
3959,ORD1642,31-12-2099,11-12-2023,Second Class,CUST1123,Daniel Miller,Corporate,UK,New York,P1002,Keyboard,1,4616.78,2026-10-07T13:53:20.977+05:30,2026-10-07,data.csv
3999,ORD2295,31-12-2099,18-02-2024,Same Day,CUST3027,Sarah Miller,Consumer,India,Delhi,P1005,Headphones,5,3164.15,2026-10-07T13:53:20.977+05:30,2026-10-07,data.csv
4016,ORD1288,31-12-2099,23-04-2025,Second Class,CUST2429,Amit Brown,Consumer,Canada,Delhi,P1001,Laptop,7,4785.45,2026-10-07T13:53:20.977+05:30,2026-10-07,data.csv
4097,ORD1462,31-12-2099,20-09-2024,First Class,CUST2497,Sneha Taylor,Home Office,USA,Berlin,P1001,Laptop,6,4235.93,2026-10-07T13:53:20.977+05:30,2026-10-07,data.csv
4209,ORD1907,31-12-2099,10-04-2023,Same Day,CUST3497,Michael Patel,Corporate,Germany,London,P1006,Printer,3,1001.79,2026-10-07T13:53:20.977+05:30,2026-10-07,data.csv
4239,ORD2114,31-12-2099,20-02-2023,Standard Class,CUST1877,Priya Gupta,Consumer,India,Delhi,P1008,SSD,1,1872.7,2026-10-07T13:53:20.977+05:30,2026-10-07,data.csv
4331,ORD1533,31-12-2099,09-06-2025,Second Class,CUST2325,David Johnson,Corporate,Canada,Delhi,P1004,Monitor,3,211.4,2026-10-07T13:53:20.977+05:30,2026-10-07,data.csv
4395,ORD1005,31-12-2099,22-10-2023,Standard Class,CUST2852,Olivia Wilson,Consumer,India,London,P1007,Router,10,2479.22,2026-10-07T13:53:20.977+05:30,2026-10-07,data.csv
4430,ORD1763,31-12-2099,15-06-2023,First Class,CUST3168,Sarah Gupta,Corporate,UK,Delhi,P1001,Laptop,7,4723.73,2026-10-07T13:53:20.977+05:30,2026-10-07,data.csv
4563,ORD1177,31-12-2099,12-05-2024,Same Day,CUST3324,Robert Davis,Consumer,USA,Delhi,P1001,Laptop,5,3452.77,2026-10-07T13:53:20.977+05:30,2026-10-07,data.csv
4601,ORD1488,31-12-2099,20-07-2024,Same Day,CUST3391,Emily Miller,Consumer,Canada,Mumbai,P1006,Printer,6,3703.14,2026-10-07T13:53:20.977+05:30,2026-10-07,data.csv
4956,ORD1537,31-12-2099,07-02-2024,First Class,CUST1761,Sneha Smith,Corporate,Germany,London,P1001,Laptop,7,4497.49,2026-10-07T13:53:20.977+05:30,2026-10-07,data.csv
5091,ORD1224,31-12-2099,20-04-2025,Standard Class,CUST1473,Priya Gupta,Corporate,UK,Toronto,P1008,SSD,1,2719.18,2026-10-07T13:53:20.977+05:30,2026-10-07,data.csv
5102,ORD2246,31-12-2099,03-05-2024,Standard Class,CUST1165,Olivia Smith,Home Office,UK,Toronto,P1003,Mouse,6,1532.94,2026-10-07T13:53:20.977+05:30,2026-10-07,data.csv
5113,ORD2187,31-12-2099,15-05-2025,Standard Class,CUST3166,Olivia Gupta,Corporate,Germany,New York,P1001,Laptop,9,1991.85,2026-10-07T13:53:20.977+05:30,2026-10-07,data.csv
5420,ORD1499,31-12-2099,04-05-2025,Standard Class,CUST2692,Rahul Patel,Home Office,India,London,P1005,Headphones,2,2584.72,2026-10-07T13:53:20.977+05:30,2026-10-07,data.csv
5501,ORD1236,31-12-2099,07-11-2023,Standard Class,CUST2126,John Miller,Corporate,USA,Toronto,P1007,Router,3,4526.43,2026-10-07T13:53:20.977+05:30,2026-10-07,data.csv
5595,ORD2487,31-12-2099,06-11-2024,First Class,CUST2670,John Sharma,Home Office,UK,London,P1007,Router,7,2578.1,2026-10-07T13:53:20.977+05:30,2026-10-07,data.csv
5705,ORD1089,31-12-2099,18-04-2024,Same Day,CUST3277,Robert Taylor,Home Office,Canada,Toronto,P1001,Laptop,2,2893.1,2026-10-07T13:53:20.977+05:30,2026-10-07,data.csv
5726,ORD2227,31-12-2099,29-08-2023,First Class,CUST3394,Sneha Sharma,Consumer,USA,New York,P1003,Mouse,5,1044.22,2026-10-07T13:53:20.977+05:30,2026-10-07,data.csv
5804,ORD1036,31-12-2099,10-02-2025,Second Class,CUST1527,Robert Sharma,Home Office,USA,Bangalore,P1007,Router,7,713.43,2026-10-07T13:53:20.977+05:30,2026-10-07,data.csv
5822,ORD1052,31-12-2099,03-12-2023,Standard Class,CUST2365,Rahul Wilson,Home Office,India,Toronto,P1006,Printer,1,1250.51,2026-10-07T13:53:20.977+05:30,2026-10-07,data.csv
5864,ORD1418,31-12-2099,30-03-2023,First Class,CUST2108,Daniel Gupta,Consumer,UnknownCountry,Toronto,P1008,SSD,6,306.3,2026-10-07T13:53:20.977+05:30,2026-10-07,data.csv
5939,ORD1209,31-12-2099,26-04-2025,Standard Class,CUST1588,Rahul Patel,Corporate,Germany,Delhi,P1002,Keyboard,3,4946.85,2026-10-07T13:53:20.977+05:30,2026-10-07,data.csv
